"","panmixia","n_island","dongsha_sink","dongsha_source","stepping_stone","k-means p-value","Best Mean","Second Best Mean","p-value Best Mean > Second Mean","Ln Bayes Factor"
"a_japonicus","-986.986782","-1031.336576","-985.347839333333","-987.048429","-991.761059666667","0.001","dongsha_sink","panmixia","0.15","-3.27788533333319"
"c_auriga","-1192.138332","-1216.90070766667","-1202.31695466667","-1190.44070133333","-1201.78335233333","0.001","dongsha_source","panmixia","0.2","-3.39526133333356"
"c_lunulatus","-1050.49378033333","-1073.99187533333","-1024.51947533333","-1025.09877033333","-1028.07996066667","0.001","dongsha_sink","dongsha_source","0.25","-51.9486100000004"
"c_striatus","-1595.76982766667","-1607.40964933333","-1578.17348966667","-1571.018804","-1576.773493","0.001","dongsha_source","stepping_stone","0.05","-49.5020473333334"
"c_vroliki","-1194.68397766667","-1225.16660666667","-1192.37135933333","-1190.209846","-1192.23260433333","0.001","dongsha_source","stepping_stone","0.05","-8.94826333333367"
"d_aruanus","-1862.75390233333","-1863.39450766667","-1861.17466033333","-1863.138388","-1861.275177","0.06","dongsha_sink","stepping_stone","0.45","-3.15848400000004"
"l_kasmira","-839.282441666667","-1110.898482","-1060.97185766667","-1060.343869","-1059.819282","0.001","panmixia","stepping_stone","0.05","0"
"n_plicata","-2295.09209766667","-2334.40214233333","-2303.78005333333","-2299.25180866667","-2303.051863","0.001","panmixia","dongsha_source","0.05","0"
"p_coelestis","-1420.507823",NA,"-1595.646468","-1478.209911","-1482.05603333333","0.002","panmixia","dongsha_source","0.05","0"
